54.190.161.168,hotspotshield.com,catID,2024-10-10 15:19:32
54.212.56.80,hotspotshield.com,catID,2024-10-10 15:19:32
44.232.37.237,hotspotshield.com,catID,2024-10-10 15:19:32
52.40.8.141,hotspotshield.com,catID,2024-10-10 15:19:32
104.23.138.19,hotspotshield.com,catID,2024-10-10 15:19:32
104.23.137.19,hotspotshield.com,catID,2024-10-10 15:19:32
99.84.160.49,hotspotshield.com,catID,2024-10-10 15:19:32
99.84.160.126,hotspotshield.com,catID,2024-10-10 15:19:32
99.84.160.97,hotspotshield.com,catID,2024-10-10 15:19:32
99.84.160.66,hotspotshield.com,catID,2024-10-10 15:19:32
13.227.126.108,hotspotshield.com,catID,2024-10-10 15:19:32
13.227.126.120,hotspotshield.com,catID,2024-10-10 15:19:32
13.227.126.32,hotspotshield.com,catID,2024-10-10 15:19:32
13.227.126.65,hotspotshield.com,catID,2024-10-10 15:19:32
18.144.102.251,hotspotshield.com,catID,2024-10-10 15:19:32
13.56.69.50,hotspotshield.com,catID,2024-10-10 15:19:32
165.227.174.87,hotspotshield.com,catID,2024-10-10 15:19:32
167.99.41.243,hotspotshield.com,catID,2024-10-10 15:19:32
13.225.186.7,hotspotshield.com,catID,2024-10-10 15:19:32
13.225.186.45,hotspotshield.com,catID,2024-10-10 15:19:32
13.225.186.58,hotspotshield.com,catID,2024-10-10 15:19:32
13.225.186.30,hotspotshield.com,catID,2024-10-10 15:19:32
52.9.81.184,hotspotshield.com,catID,2024-10-10 15:19:32
52.9.167.124,hotspotshield.com,catID,2024-10-10 15:19:32
13.56.235.41,hotspotshield.com,catID,2024-10-10 15:19:32
184.169.221.190,hotspotshield.com,catID,2024-10-10 15:19:32
52.32.59.231,hotspotshield.com,catID,2024-10-10 15:19:32
52.39.214.202,hotspotshield.com,catID,2024-10-10 15:19:32
54.245.27.104,hotspotshield.com,catID,2024-10-10 15:19:32
18.219.206.10,hotspotshield.com,catID,2024-10-10 15:19:32
18.222.60.55,hotspotshield.com,catID,2024-10-10 15:19:32
18.191.215.221,hotspotshield.com,catID,2024-10-10 15:19:32
13.227.124.70,hotspotshield.com,catID,2024-10-10 15:19:32
13.227.124.20,hotspotshield.com,catID,2024-10-10 15:19:32
13.227.124.106,hotspotshield.com,catID,2024-10-10 15:19:32
13.227.124.109,hotspotshield.com,catID,2024-10-10 15:19:32
74.115.4.17,hotspotshield.com,catID,2024-10-10 15:19:32
74.115.0.53,hotspotshield.com,catID,2024-10-10 15:19:32
52.85.149.117,hotspotshield.com,catID,2024-10-10 15:19:32
52.85.149.18,hotspotshield.com,catID,2024-10-10 15:19:32
52.85.149.72,hotspotshield.com,catID,2024-10-10 15:19:32
52.85.149.16,hotspotshield.com,catID,2024-10-10 15:19:32
52.84.18.107,hotspotshield.com,catID,2024-10-10 15:19:32
52.84.18.115,hotspotshield.com,catID,2024-10-10 15:19:32
52.84.18.66,hotspotshield.com,catID,2024-10-10 15:19:32
52.84.18.64,hotspotshield.com,catID,2024-10-10 15:19:32
3.167.138.81,hotspotshield.com,catID,2024-10-10 15:19:32
3.167.138.4,hotspotshield.com,catID,2024-10-10 15:19:32
3.167.138.125,hotspotshield.com,catID,2024-10-10 15:19:32
3.167.138.113,hotspotshield.com,catID,2024-10-10 15:19:32
52.85.247.113,hotspotshield.com,catID,2024-10-10 15:19:32
52.85.247.72,hotspotshield.com,catID,2024-10-10 15:19:32
52.85.247.13,hotspotshield.com,catID,2024-10-10 15:19:32
52.85.247.126,hotspotshield.com,catID,2024-10-10 15:19:32
3.167.163.101,hotspotshield.com,catID,2024-10-10 15:19:32
3.167.163.80,hotspotshield.com,catID,2024-10-10 15:19:32
3.167.163.3,hotspotshield.com,catID,2024-10-10 15:19:32
3.167.163.55,hotspotshield.com,catID,2024-10-10 15:19:32
141.193.213.21,hotspotshield.com,catID,2024-10-10 15:19:32
141.193.213.20,hotspotshield.com,catID,2024-10-10 15:19:32
216.198.53.1,hotspotshield.com,catID,2024-10-10 15:19:32
216.198.54.1,hotspotshield.com,catID,2024-10-10 15:19:32
74.115.0.65,hotspotshield.com,catID,2024-10-10 15:19:32
199.255.210.165,hotspotshield.com,catID,2024-10-10 15:19:32
18.244.140.61,hotspotshield.com,catID,2024-10-10 15:19:32
18.244.140.11,hotspotshield.com,catID,2024-10-10 15:19:32
18.244.140.70,hotspotshield.com,catID,2024-10-10 15:19:32
18.244.140.4,hotspotshield.com,catID,2024-10-10 15:19:32
65.9.78.71,hotspotshield.com,catID,2024-10-10 15:19:32
65.9.78.116,hotspotshield.com,catID,2024-10-10 15:19:32
65.9.78.120,hotspotshield.com,catID,2024-10-10 15:19:32
65.9.78.14,hotspotshield.com,catID,2024-10-10 15:19:32
74.115.0.237,hotspotshield.com,catID,2024-10-10 15:19:32
