183.81.34.143,dantri.com.vn,catID,2024-10-10 15:24:53
183.81.34.144,dantri.com.vn,catID,2024-10-10 15:24:53
42.113.206.26,dantri.com.vn,catID,2024-10-10 15:24:53
42.113.206.34,dantri.com.vn,catID,2024-10-10 15:24:53
13.213.94.212,dantri.com.vn,catID,2024-10-10 15:24:53
42.113.206.30,dantri.com.vn,catID,2024-10-10 15:24:53
42.113.206.25,dantri.com.vn,catID,2024-10-10 15:24:53
42.113.206.4,dantri.com.vn,catID,2024-10-10 15:24:53
42.113.206.23,dantri.com.vn,catID,2024-10-10 15:24:53
42.113.206.28,dantri.com.vn,catID,2024-10-10 15:24:53
123.30.186.196,dantri.com.vn,catID,2024-10-10 15:24:53
123.30.186.197,dantri.com.vn,catID,2024-10-10 15:24:53
54.192.51.52,dantri.com.vn,catID,2024-10-10 15:24:53
54.192.51.79,dantri.com.vn,catID,2024-10-10 15:24:53
54.192.51.86,dantri.com.vn,catID,2024-10-10 15:24:53
54.192.51.78,dantri.com.vn,catID,2024-10-10 15:24:53
42.113.206.24,dantri.com.vn,catID,2024-10-10 15:24:53
125.212.194.153,dantri.com.vn,catID,2024-10-10 15:24:53
