172.64.144.30,stackexchange.com,catID,2024-10-10 15:11:03
104.18.43.226,stackexchange.com,catID,2024-10-10 15:11:03
151.101.193.69,stackexchange.com,catID,2024-10-10 15:11:03
151.101.65.69,stackexchange.com,catID,2024-10-10 15:11:03
151.101.129.69,stackexchange.com,catID,2024-10-10 15:11:03
151.101.1.69,stackexchange.com,catID,2024-10-10 15:11:03
172.64.147.43,stackexchange.com,catID,2024-10-10 15:11:03
104.18.40.213,stackexchange.com,catID,2024-10-10 15:11:03
104.18.11.86,stackexchange.com,catID,2024-10-10 15:11:03
104.18.10.86,stackexchange.com,catID,2024-10-10 15:11:03
192.111.0.23,stackexchange.com,catID,2024-10-10 15:11:03
198.252.206.26,stackexchange.com,catID,2024-10-10 15:11:03
198.252.206.71,stackexchange.com,catID,2024-10-10 15:11:03
50.19.188.167,stackexchange.com,catID,2024-10-10 15:11:03
52.72.13.96,stackexchange.com,catID,2024-10-10 15:11:03
198.252.206.27,stackexchange.com,catID,2024-10-10 15:11:03
172.66.0.89,stackexchange.com,catID,2024-10-10 15:11:03
162.159.140.91,stackexchange.com,catID,2024-10-10 15:11:03
198.252.206.25,stackexchange.com,catID,2024-10-10 15:11:03
104.18.33.246,stackexchange.com,catID,2024-10-10 15:11:03
172.64.154.10,stackexchange.com,catID,2024-10-10 15:11:03
