42.117.1.227,bongdaplus.vn,catID,2024-10-10 15:07:26
1.53.252.71,bongdaplus.vn,catID,2024-10-10 15:07:26
123.30.188.3,bongdaplus.vn,catID,2024-10-10 15:07:26
210.245.18.10,bongdaplus.vn,catID,2024-10-10 15:07:26
108.177.97.121,bongdaplus.vn,catID,2024-10-10 15:07:26
210.245.18.50,bongdaplus.vn,catID,2024-10-10 15:07:26
112.213.89.38,bongdaplus.vn,catID,2024-10-10 15:07:26
210.245.18.8,bongdaplus.vn,catID,2024-10-10 15:07:26
103.183.108.42,bongdaplus.vn,catID,2024-10-10 15:07:26
103.183.108.41,bongdaplus.vn,catID,2024-10-10 15:07:26
123.30.189.197,bongdaplus.vn,catID,2024-10-10 15:07:26
