47.246.146.105,aliexpress.com,catID,2024-10-10 15:26:57
47.246.146.79,aliexpress.com,catID,2024-10-10 15:26:57
47.246.146.94,aliexpress.com,catID,2024-10-10 15:26:57
47.246.146.200,aliexpress.com,catID,2024-10-10 15:26:57
47.246.146.201,aliexpress.com,catID,2024-10-10 15:26:57
47.246.146.199,aliexpress.com,catID,2024-10-10 15:26:57
47.246.146.202,aliexpress.com,catID,2024-10-10 15:26:57
47.246.146.12,aliexpress.com,catID,2024-10-10 15:26:57
47.246.174.82,aliexpress.com,catID,2024-10-10 15:26:57
47.246.137.76,aliexpress.com,catID,2024-10-10 15:26:57
205.204.101.141,aliexpress.com,catID,2024-10-10 15:26:57
198.11.132.118,aliexpress.com,catID,2024-10-10 15:26:57
47.246.173.222,aliexpress.com,catID,2024-10-10 15:26:57
47.246.165.254,aliexpress.com,catID,2024-10-10 15:26:57
47.246.131.90,aliexpress.com,catID,2024-10-10 15:26:57
47.246.131.109,aliexpress.com,catID,2024-10-10 15:26:57
47.246.174.218,aliexpress.com,catID,2024-10-10 15:26:57
59.82.112.161,aliexpress.com,catID,2024-10-10 15:26:57
47.246.131.32,aliexpress.com,catID,2024-10-10 15:26:57
47.246.131.245,aliexpress.com,catID,2024-10-10 15:26:57
47.246.136.249,aliexpress.com,catID,2024-10-10 15:26:57
